<?xml version="1.0" encoding="UTF-8"?>
<metadata xml:lang="en"><Esri><CreaDate>20211013</CreaDate><CreaTime>17111100</CreaTime><ArcGISFormat>1.0</ArcGISFormat><SyncOnce>TRUE</SyncOnce><DataProperties><itemProps><itemLocation><linkage Sync="TRUE">file://\\MGISSERVER02\GIS\GISUSERS\DOEscoffery\Parishes</linkage><protocol Sync="TRUE">Local Area Network</protocol></itemLocation></itemProps><copyHistory><copy source="Z:\DOEscoffery\Jamaica_MGI_SargassumCRC\Parishes" dest="\\MGISSERVER02\GIS\GISUSERS\DOEscoffery\Parishes" date="20211013" time="17111100"></copy></copyHistory></DataProperties></Esri></metadata>
